table,workflow_count,workflows
hr_ai_insights,2,"U9Yb2JSa46NlOKXC:420 HR part1 - v1.1;tHIN8s5hurqzRU7g:420 HR Part 2 - v1.9.3"
hr_ai_interviews,4,"0VEBSpO63nEiR1xh:420 HR AI Interview Receiver v1.0;MatQ3J4HYAgKiJ6A:420 HR AI Interview Question Gen v1.0;bcaK7Lxd0HgtVfqW:420 HR AI Interview Call v1.0;tHIN8s5hurqzRU7g:420 HR Part 2 - v1.9.3"
hr_announcements,2,"U9Yb2JSa46NlOKXC:420 HR part1 - v1.1;tHIN8s5hurqzRU7g:420 HR Part 2 - v1.9.3"
hr_asset_assignments,2,"U9Yb2JSa46NlOKXC:420 HR part1 - v1.1;tHIN8s5hurqzRU7g:420 HR Part 2 - v1.9.3"
hr_attendance,5,"5WLVNYiiAHJYKuFW:420 HR Auto Punch-Out Cron v1.0;A0M2juuizluBwASl:420 HR Auto-Review v1.0;U9Yb2JSa46NlOKXC:420 HR part1 - v1.1;rG1G3WHbqUHB295n:420 Intelligence Hub v2.3;tHIN8s5hurqzRU7g:420 HR Part 2 - v1.9.3"
hr_attendance_corrections,1,"tHIN8s5hurqzRU7g:420 HR Part 2 - v1.9.3"
hr_attendance_rules,1,"5WLVNYiiAHJYKuFW:420 HR Auto Punch-Out Cron v1.0"
hr_audit_logs,2,"U9Yb2JSa46NlOKXC:420 HR part1 - v1.1;tHIN8s5hurqzRU7g:420 HR Part 2 - v1.9.3"
hr_auto_decisions,1,"GoLKFQ3raVFyDg40:420 HR Auto-Pipeline v1.0"
hr_auto_mode_config,1,"GoLKFQ3raVFyDg40:420 HR Auto-Pipeline v1.0"
hr_candidates,9,"0Z1A7e5Cp8LraOnL:420 HR Sourcing v2 — Phase 4 Save & Enroll;GoLKFQ3raVFyDg40:420 HR Auto-Pipeline v1.0;MatQ3J4HYAgKiJ6A:420 HR AI Interview Question Gen v1.0;U9Yb2JSa46NlOKXC:420 HR part1 - v1.1;VDDy59DDJsihAUAX:420 HR AI Screening v1.0;XjSilVmjJeRIwNMF:420 HR Sourcing v2 — Phase 2 Google Search;bcaK7Lxd0HgtVfqW:420 HR AI Interview Call v1.0;rG1G3WHbqUHB295n:420 Intelligence Hub v2.3;tHIN8s5hurqzRU7g:420 HR Part 2 - v1.9.3"
hr_compliance_logs,1,"tHIN8s5hurqzRU7g:420 HR Part 2 - v1.9.3"
hr_conversations,1,"tHIN8s5hurqzRU7g:420 HR Part 2 - v1.9.3"
hr_departments,2,"U9Yb2JSa46NlOKXC:420 HR part1 - v1.1;tHIN8s5hurqzRU7g:420 HR Part 2 - v1.9.3"
hr_document_acknowledgments,0,""
hr_document_templates,0,""
hr_documents,5,"31qSIf2I6VAF2loU:420 HR Policy Sync v1.0;A0M2juuizluBwASl:420 HR Auto-Review v1.0;U9Yb2JSa46NlOKXC:420 HR part1 - v1.1;bLXL1ujHv9wD7RX1:420 HR AI -> OMEGA Bridge v1.0;tHIN8s5hurqzRU7g:420 HR Part 2 - v1.9.3"
hr_employee_documents,0,""
hr_employee_payroll,0,""
hr_employee_shifts,0,""
hr_employees,8,"A0M2juuizluBwASl:420 HR Auto-Review v1.0;E8HZhv4y4MRb6n9F:420 Marketing v 2.6;U9Yb2JSa46NlOKXC:420 HR part1 - v1.1;bLXL1ujHv9wD7RX1:420 HR AI -> OMEGA Bridge v1.0;i39PJEW8Z7IkFkUY:420 HR Onboarding v2.0;mlsC24hFDv6O7GyG:420 AI Agent Activator v1.0;rG1G3WHbqUHB295n:420 Intelligence Hub v2.3;tHIN8s5hurqzRU7g:420 HR Part 2 - v1.9.3"
hr_expense_claims,2,"U9Yb2JSa46NlOKXC:420 HR part1 - v1.1;tHIN8s5hurqzRU7g:420 HR Part 2 - v1.9.3"
hr_goals,2,"U9Yb2JSa46NlOKXC:420 HR part1 - v1.1;tHIN8s5hurqzRU7g:420 HR Part 2 - v1.9.3"
hr_interview_schedules,2,"U9Yb2JSa46NlOKXC:420 HR part1 - v1.1;tHIN8s5hurqzRU7g:420 HR Part 2 - v1.9.3"
hr_job_applications,7,"0VEBSpO63nEiR1xh:420 HR AI Interview Receiver v1.0;0Z1A7e5Cp8LraOnL:420 HR Sourcing v2 — Phase 4 Save & Enroll;GoLKFQ3raVFyDg40:420 HR Auto-Pipeline v1.0;MatQ3J4HYAgKiJ6A:420 HR AI Interview Question Gen v1.0;U9Yb2JSa46NlOKXC:420 HR part1 - v1.1;VDDy59DDJsihAUAX:420 HR AI Screening v1.0;tHIN8s5hurqzRU7g:420 HR Part 2 - v1.9.3"
hr_job_requisitions,14,"0Z1A7e5Cp8LraOnL:420 HR Sourcing v2 — Phase 4 Save & Enroll;GoLKFQ3raVFyDg40:420 HR Auto-Pipeline v1.0;K46ve7frdaHYBpn2:420 HR Generate Job Questions v1.0;MatQ3J4HYAgKiJ6A:420 HR AI Interview Question Gen v1.0;PWb5cPBpK4FTgwwW:420 HR Sourcing v2 — Phase 3 Enrichment;U9Yb2JSa46NlOKXC:420 HR part1 - v1.1;VDDy59DDJsihAUAX:420 HR AI Screening v1.0;XjSilVmjJeRIwNMF:420 HR Sourcing v2 — Phase 2 Google Search;YsOhnEct1zWljE3L:420 HR Sourcing v2 — TS Trigger;bcaK7Lxd0HgtVfqW:420 HR AI Interview Call v1.0;hDmRNaIrs1qJHuYq:420 HR Job Q-Gen Auto-Fill v1.0;l1RMxMScCbvXOqmm:420 HR Sourcing v2 — Phase 1 Career Scraping;rG1G3WHbqUHB295n:420 Intelligence Hub v2.3;tHIN8s5hurqzRU7g:420 HR Part 2 - v1.9.3"
hr_leave_balances,5,"Tu7QL8CZdiyQCYGG:420 HR Leave Request v2.0;U9Yb2JSa46NlOKXC:420 HR part1 - v1.1;bLXL1ujHv9wD7RX1:420 HR AI -> OMEGA Bridge v1.0;i39PJEW8Z7IkFkUY:420 HR Onboarding v2.0;tHIN8s5hurqzRU7g:420 HR Part 2 - v1.9.3"
hr_leave_requests,6,"A0M2juuizluBwASl:420 HR Auto-Review v1.0;Tu7QL8CZdiyQCYGG:420 HR Leave Request v2.0;U9Yb2JSa46NlOKXC:420 HR part1 - v1.1;bLXL1ujHv9wD7RX1:420 HR AI -> OMEGA Bridge v1.0;rG1G3WHbqUHB295n:420 Intelligence Hub v2.3;tHIN8s5hurqzRU7g:420 HR Part 2 - v1.9.3"
hr_leave_types,4,"Tu7QL8CZdiyQCYGG:420 HR Leave Request v2.0;U9Yb2JSa46NlOKXC:420 HR part1 - v1.1;i39PJEW8Z7IkFkUY:420 HR Onboarding v2.0;tHIN8s5hurqzRU7g:420 HR Part 2 - v1.9.3"
hr_notifications,3,"U9Yb2JSa46NlOKXC:420 HR part1 - v1.1;rG1G3WHbqUHB295n:420 Intelligence Hub v2.3;tHIN8s5hurqzRU7g:420 HR Part 2 - v1.9.3"
hr_payroll,1,"tHIN8s5hurqzRU7g:420 HR Part 2 - v1.9.3"
hr_payroll_periods,0,""
hr_performance_cycles,1,"A0M2juuizluBwASl:420 HR Auto-Review v1.0"
hr_performance_reviews,3,"A0M2juuizluBwASl:420 HR Auto-Review v1.0;U9Yb2JSa46NlOKXC:420 HR part1 - v1.1;tHIN8s5hurqzRU7g:420 HR Part 2 - v1.9.3"
hr_pipeline_summary,0,""
hr_policies,2,"U9Yb2JSa46NlOKXC:420 HR part1 - v1.1;tHIN8s5hurqzRU7g:420 HR Part 2 - v1.9.3"
hr_policy_acknowledgments,0,""
hr_public_holidays,2,"U9Yb2JSa46NlOKXC:420 HR part1 - v1.1;tHIN8s5hurqzRU7g:420 HR Part 2 - v1.9.3"
hr_recruitment_outreach,2,"U9Yb2JSa46NlOKXC:420 HR part1 - v1.1;tHIN8s5hurqzRU7g:420 HR Part 2 - v1.9.3"
hr_shifts,2,"U9Yb2JSa46NlOKXC:420 HR part1 - v1.1;tHIN8s5hurqzRU7g:420 HR Part 2 - v1.9.3"
hr_skills,2,"U9Yb2JSa46NlOKXC:420 HR part1 - v1.1;tHIN8s5hurqzRU7g:420 HR Part 2 - v1.9.3"
hr_sourcing_runs,6,"0Z1A7e5Cp8LraOnL:420 HR Sourcing v2 — Phase 4 Save & Enroll;PWb5cPBpK4FTgwwW:420 HR Sourcing v2 — Phase 3 Enrichment;XjSilVmjJeRIwNMF:420 HR Sourcing v2 — Phase 2 Google Search;YsOhnEct1zWljE3L:420 HR Sourcing v2 — TS Trigger;l1RMxMScCbvXOqmm:420 HR Sourcing v2 — Phase 1 Career Scraping;tHIN8s5hurqzRU7g:420 HR Part 2 - v1.9.3"
hr_sourcing_stats,0,""
hr_survey_responses,0,""
hr_surveys,2,"U9Yb2JSa46NlOKXC:420 HR part1 - v1.1;tHIN8s5hurqzRU7g:420 HR Part 2 - v1.9.3"
hr_training_enrollments,1,"tHIN8s5hurqzRU7g:420 HR Part 2 - v1.9.3"
hr_training_programs,4,"4u2H6AwbDnYcGQW5:420 HR Training Avatar Video v1.0;HTuKFLf8uiDnzPJA:420 HR Training Generator v1.0;U9Yb2JSa46NlOKXC:420 HR part1 - v1.1;tHIN8s5hurqzRU7g:420 HR Part 2 - v1.9.3"
hr_training_records,3,"A0M2juuizluBwASl:420 HR Auto-Review v1.0;U9Yb2JSa46NlOKXC:420 HR part1 - v1.1;tHIN8s5hurqzRU7g:420 HR Part 2 - v1.9.3"
